/*
PostgreSQL Backup
Database: sgc/public
Backup Time: 2018-11-25 15:15:49
*/

DROP TABLE IF EXISTS "public"."tb_alteracaoestoque";
DROP TABLE IF EXISTS "public"."tb_comentarioticket";
DROP TABLE IF EXISTS "public"."tb_departamento";
DROP TABLE IF EXISTS "public"."tb_endereco";
DROP TABLE IF EXISTS "public"."tb_estoque";
DROP TABLE IF EXISTS "public"."tb_feedback";
DROP TABLE IF EXISTS "public"."tb_funcao";
DROP TABLE IF EXISTS "public"."tb_grupoatendimento";
DROP TABLE IF EXISTS "public"."tb_historicoticket";
DROP TABLE IF EXISTS "public"."tb_itemservico";
DROP TABLE IF EXISTS "public"."tb_prioridade";
DROP TABLE IF EXISTS "public"."tb_servicosutilizados";
DROP TABLE IF EXISTS "public"."tb_slaprioridade";
DROP TABLE IF EXISTS "public"."tb_slaticket";
DROP TABLE IF EXISTS "public"."tb_ticket";
DROP TABLE IF EXISTS "public"."tb_tiposervico";
DROP TABLE IF EXISTS "public"."tb_usuario";
CREATE TABLE "public"."tb_alteracaoestoque" (
  "id" int4 NOT NULL DEFAULT nextval('tb_alteracaoestoque_id_seq'::regclass),
  "motivo" varchar(50) COLLATE "pg_catalog"."default" DEFAULT NULL,
  "datacadastro" timestamp(6) DEFAULT NULL,
  "qtdebaixa" int4 DEFAULT NULL,
  "acao" varchar(40) COLLATE "pg_catalog"."default" DEFAULT NULL,
  "fk_estoque" int4 DEFAULT NULL,
  "fk_usuario" int4 DEFAULT NULL
)
;ALTER TABLE "public"."tb_alteracaoestoque" OWNER TO "postgres";
CREATE TABLE "public"."tb_comentarioticket" (
  "id" int4 NOT NULL DEFAULT nextval('tb_comentarioticket_id_seq'::regclass),
  "datacadastro" timestamp(6) DEFAULT NULL,
  "comentario" text COLLATE "pg_catalog"."default" DEFAULT NULL,
  "fk_usuario" int4 DEFAULT NULL,
  "fk_ticket" int4 DEFAULT NULL
)
;ALTER TABLE "public"."tb_comentarioticket" OWNER TO "postgres";
CREATE TABLE "public"."tb_departamento" (
  "id" int4 NOT NULL DEFAULT nextval('tb_departamento_id_seq'::regclass),
  "nomedepartamento" varchar(100) COLLATE "pg_catalog"."default" DEFAULT NULL
)
;ALTER TABLE "public"."tb_departamento" OWNER TO "postgres";
CREATE TABLE "public"."tb_endereco" (
  "id" int4 NOT NULL DEFAULT nextval('tb_endereco_id_seq'::regclass),
  "rua" varchar(50) COLLATE "pg_catalog"."default" DEFAULT NULL,
  "cidade" varchar(30) COLLATE "pg_catalog"."default" DEFAULT NULL,
  "bairro" varchar(30) COLLATE "pg_catalog"."default" DEFAULT NULL,
  "estado" varchar(15) COLLATE "pg_catalog"."default" DEFAULT NULL,
  "cep" varchar(9) COLLATE "pg_catalog"."default" DEFAULT NULL,
  "complemento" varchar(150) COLLATE "pg_catalog"."default" DEFAULT NULL,
  "numero" varchar(5) COLLATE "pg_catalog"."default" DEFAULT NULL,
  "fk_usuario" int4 DEFAULT NULL
)
;ALTER TABLE "public"."tb_endereco" OWNER TO "postgres";
CREATE TABLE "public"."tb_estoque" (
  "id" int4 NOT NULL DEFAULT nextval('tb_estoque_id_seq'::regclass),
  "item" varchar(100) COLLATE "pg_catalog"."default" DEFAULT NULL,
  "quantidadeestoque" int4 DEFAULT NULL,
  "unidade" varchar(15) COLLATE "pg_catalog"."default" DEFAULT NULL,
  "fk_departamento" int4 DEFAULT NULL,
  "codigoean" varchar(15) COLLATE "pg_catalog"."default" DEFAULT NULL
)
;ALTER TABLE "public"."tb_estoque" OWNER TO "postgres";
CREATE TABLE "public"."tb_feedback" (
  "id" int4 NOT NULL DEFAULT nextval('tb_feedback_id_seq'::regclass),
  "notaatendimento" varchar(2) COLLATE "pg_catalog"."default" DEFAULT NULL,
  "notaatendente" varchar(2) COLLATE "pg_catalog"."default" DEFAULT NULL,
  "comentarios" text COLLATE "pg_catalog"."default" DEFAULT NULL,
  "fk_ticket" int4 DEFAULT NULL,
  "status" varchar(50) COLLATE "pg_catalog"."default" DEFAULT NULL,
  "datacadastro" timestamp(6) DEFAULT NULL
)
;ALTER TABLE "public"."tb_feedback" OWNER TO "postgres";
CREATE TABLE "public"."tb_funcao" (
  "id" int4 NOT NULL DEFAULT nextval('tb_funcao_id_seq'::regclass),
  "nomefuncao" varchar(20) COLLATE "pg_catalog"."default" DEFAULT NULL,
  "gerenciarusuario" bool DEFAULT NULL,
  "atendimentotecnico" bool DEFAULT NULL,
  "criarcategoria" bool DEFAULT NULL,
  "criarrelatorio" bool DEFAULT NULL,
  "visualizarrelatorio" bool DEFAULT NULL
)
;ALTER TABLE "public"."tb_funcao" OWNER TO "postgres";
CREATE TABLE "public"."tb_grupoatendimento" (
  "id" int4 NOT NULL DEFAULT nextval('tb_grupoatendimento_id_seq'::regclass),
  "nomegrupo" varchar(50) COLLATE "pg_catalog"."default" DEFAULT NULL,
  "fk_departamento" int4 DEFAULT NULL
)
;ALTER TABLE "public"."tb_grupoatendimento" OWNER TO "postgres";
CREATE TABLE "public"."tb_historicoticket" (
  "id" int4 NOT NULL DEFAULT nextval('tb_historicoticket_id_seq'::regclass),
  "dataatualizacao" timestamp(6) DEFAULT NULL,
  "status" varchar(40) COLLATE "pg_catalog"."default" DEFAULT NULL,
  "statusanterior" varchar(40) COLLATE "pg_catalog"."default" DEFAULT NULL,
  "filadeatendimento" varchar(40) COLLATE "pg_catalog"."default" DEFAULT NULL,
  "tecnicoresponsavel" varchar(40) COLLATE "pg_catalog"."default" DEFAULT NULL,
  "prioridade" varchar(40) COLLATE "pg_catalog"."default" DEFAULT NULL,
  "descricao" text COLLATE "pg_catalog"."default" DEFAULT NULL,
  "fk_ticket" int4 DEFAULT NULL,
  "fk_comentarioticket" int4 DEFAULT NULL
)
;ALTER TABLE "public"."tb_historicoticket" OWNER TO "postgres";
CREATE TABLE "public"."tb_itemservico" (
  "id" int4 NOT NULL DEFAULT nextval('tb_itemservico_id_seq'::regclass),
  "itemservico" varchar(255) COLLATE "pg_catalog"."default" DEFAULT NULL,
  "vinculoestoque" bool DEFAULT NULL,
  "fk_departamento" int4 DEFAULT NULL
)
;ALTER TABLE "public"."tb_itemservico" OWNER TO "postgres";
CREATE TABLE "public"."tb_prioridade" (
  "id" int4 NOT NULL DEFAULT nextval('tb_prioridade_id_seq'::regclass),
  "nivelprioridade" int4 DEFAULT NULL,
  "descricaoprioridade" varchar COLLATE "pg_catalog"."default" DEFAULT NULL,
  "tempodeatendimento" int4 DEFAULT NULL
)
;ALTER TABLE "public"."tb_prioridade" OWNER TO "postgres";
CREATE TABLE "public"."tb_servicosutilizados" (
  "id" int4 NOT NULL DEFAULT nextval('tb_servicosutilizados_id_seq'::regclass),
  "fk_ticket" int4 DEFAULT NULL,
  "fk_itemservico" int4 DEFAULT NULL
)
;ALTER TABLE "public"."tb_servicosutilizados" OWNER TO "postgres";
CREATE TABLE "public"."tb_slaprioridade" (
  "id" int4 NOT NULL DEFAULT nextval('tb_slaprioridade_id_seq'::regclass),
  "tempoatendimento" time(6) DEFAULT NULL
)
;ALTER TABLE "public"."tb_slaprioridade" OWNER TO "postgres";
CREATE TABLE "public"."tb_slaticket" (
  "id" int4 NOT NULL DEFAULT nextval('tb_slaticket_id_seq'::regclass),
  "status" varchar(25) COLLATE "pg_catalog"."default" DEFAULT NULL,
  "percentilatendimento" varchar(4) COLLATE "pg_catalog"."default" DEFAULT NULL,
  "dataviolacao" timestamp(6) DEFAULT NULL,
  "dataprevista" timestamp(6) DEFAULT NULL,
  "fk_ticket" int4 DEFAULT NULL,
  "motivoviolacao" text COLLATE "pg_catalog"."default" DEFAULT NULL
)
;ALTER TABLE "public"."tb_slaticket" OWNER TO "postgres";
CREATE TABLE "public"."tb_ticket" (
  "id" int4 NOT NULL DEFAULT nextval('tb_ticket_id_seq'::regclass),
  "datacadastro" timestamp(6) DEFAULT NULL,
  "codigoticket" varchar(20) COLLATE "pg_catalog"."default" DEFAULT NULL,
  "tecnicoresponsavel" varchar(100) COLLATE "pg_catalog"."default" DEFAULT NULL,
  "dataatualizacao" timestamp(6) DEFAULT NULL,
  "status" varchar(40) COLLATE "pg_catalog"."default" DEFAULT NULL,
  "dataresolucao" timestamp(6) DEFAULT NULL,
  "dataencerramento" timestamp(6) DEFAULT NULL,
  "tempototalatendimento" varchar(20) COLLATE "pg_catalog"."default" DEFAULT NULL,
  "fk_usuario" int4 DEFAULT NULL,
  "fk_tiposervico" int4 DEFAULT NULL,
  "descricao" text COLLATE "pg_catalog"."default" DEFAULT NULL
)
;ALTER TABLE "public"."tb_ticket" OWNER TO "postgres";
CREATE TABLE "public"."tb_tiposervico" (
  "id" int4 NOT NULL DEFAULT nextval('tb_tiposervico_id_seq'::regclass),
  "nomeservico" varchar(255) COLLATE "pg_catalog"."default" DEFAULT NULL,
  "status" varchar(15) COLLATE "pg_catalog"."default" DEFAULT NULL,
  "datacadastro" timestamp(6) DEFAULT NULL,
  "fk_prioridade" int4 DEFAULT NULL,
  "fk_departamento" int4 DEFAULT NULL
)
;ALTER TABLE "public"."tb_tiposervico" OWNER TO "postgres";
CREATE TABLE "public"."tb_usuario" (
  "id" int4 NOT NULL DEFAULT nextval('tb_usuario_id_seq'::regclass),
  "nome" varchar(20) COLLATE "pg_catalog"."default" DEFAULT NULL,
  "sobrenome" varchar(50) COLLATE "pg_catalog"."default" DEFAULT NULL,
  "datanascimento" date DEFAULT NULL,
  "datacadastro" timestamp(6) DEFAULT NULL,
  "genero" varchar(15) COLLATE "pg_catalog"."default" DEFAULT NULL,
  "email" varchar(100) COLLATE "pg_catalog"."default" DEFAULT NULL,
  "senha" varchar(200) COLLATE "pg_catalog"."default" DEFAULT NULL,
  "ativo" bool DEFAULT NULL,
  "fk_funcao" int4 DEFAULT NULL,
  "fk_grupoatendimento" int4 DEFAULT NULL
)
;ALTER TABLE "public"."tb_usuario" OWNER TO "postgres";
BEGIN;
LOCK TABLE "public"."tb_alteracaoestoque" IN SHARE MODE;
DELETE FROM "public"."tb_alteracaoestoque";
INSERT INTO "public"."tb_alteracaoestoque" ("id","motivo","datacadastro","qtdebaixa","acao","fk_estoque","fk_usuario") VALUES (1, 'INC251118134823', '2018-11-25 13:52:07', 1, 'Remoção', 5, 9),(2, 'INC251118143233', '2018-11-25 14:36:03', 1, 'Remoção', 5, 9),(3, 'INC251118143605', '2018-11-25 14:38:24', 1, 'Remoção', 5, 9),(4, 'INC251118143831', '2018-11-25 14:40:07', 1, 'Remoção', 4, 9),(5, 'INC251118135476', '2018-11-25 14:46:43', 1, 'Remoção', 11, 1),(6, 'INC251118135466', '2018-11-25 14:47:35', 1, 'Remoção', 10, 1);
COMMIT;
BEGIN;
LOCK TABLE "public"."tb_comentarioticket" IN SHARE MODE;
DELETE FROM "public"."tb_comentarioticket";
INSERT INTO "public"."tb_comentarioticket" ("id","datacadastro","comentario","fk_usuario","fk_ticket") VALUES (1, '2018-11-25 13:31:12', 'atuando', 1, 1),(2, '2018-11-25 13:31:26', 'resolvendo', 1, 1),(3, '2018-11-25 13:49:08', 'impressora xyz sala 5', 8, 65),(4, '2018-11-25 13:51:07', 'atualizando para verificação', 9, 65),(5, '2018-11-25 13:51:19', 'usuário não está', 9, 65),(6, '2018-11-25 13:51:33', 'usuário entrou em contato, reativando chamado', 9, 65),(7, '2018-11-25 13:51:42', 'atribuindo ao nome', 9, 65),(8, '2018-11-25 13:52:07', 'passando para resolução', 9, 65),(9, '2018-11-25 14:33:42', 'atualizando para verificação', 9, 83),(10, '2018-11-25 14:33:43', 'usuário não está', 9, 83),(11, '2018-11-25 14:33:44', 'usuário entrou em contato, reativando chamado', 9, 83),(12, '2018-11-25 14:33:45', 'atribuindo ao nome', 9, 83),(13, '2018-11-25 14:34:15', 'atualizando para verificação', 9, 83),(14, '2018-11-25 14:34:16', 'usuário não está', 9, 83),(15, '2018-11-25 14:34:17', 'usuário entrou em contato, reativando chamado', 9, 83),(16, '2018-11-25 14:34:19', 'atribuindo ao nome', 9, 83),(17, '2018-11-25 14:35:02', 'atualizando para verificação', 9, 83),(18, '2018-11-25 14:35:03', 'usuário não está', 9, 83),(19, '2018-11-25 14:35:04', 'usuário entrou em contato, reativando chamado', 9, 83),(20, '2018-11-25 14:35:05', 'atribuindo ao nome', 9, 83),(21, '2018-11-25 14:36:03', 'passando para resolução', 9, 83),(22, '2018-11-25 14:37:00', 'atualizando para verificação', 9, 84),(23, '2018-11-25 14:37:01', 'usuário não está', 9, 84),(24, '2018-11-25 14:37:02', 'usuário entrou em contato, reativando chamado', 9, 84),(25, '2018-11-25 14:37:04', 'atribuindo ao nome', 9, 84),(26, '2018-11-25 14:37:36', 'atualizando para verificação', 9, 84),(27, '2018-11-25 14:37:37', 'usuário não está', 9, 84),(28, '2018-11-25 14:37:38', 'usuário entrou em contato, reativando chamado', 9, 84),(29, '2018-11-25 14:37:40', 'atribuindo ao nome', 9, 84),(30, '2018-11-25 14:38:24', 'passando para resolução', 9, 84),(31, '2018-11-25 14:39:14', 'atualizando para verificação', 9, 85),(32, '2018-11-25 14:39:16', 'usuário não está', 9, 85),(33, '2018-11-25 14:39:17', 'usuário entrou em contato, reativando chamado', 9, 85),(34, '2018-11-25 14:39:18', 'atribuindo ao nome', 9, 85),(35, '2018-11-25 14:40:01', 'atualizando para verificação', 9, 85),(36, '2018-11-25 14:40:02', 'usuário não está', 9, 85),(37, '2018-11-25 14:40:03', 'usuário entrou em contato, reativando chamado', 9, 85),(38, '2018-11-25 14:40:05', 'atribuindo ao nome', 9, 85),(39, '2018-11-25 14:40:07', 'passando para resolução', 9, 85),(40, '2018-11-25 14:41:53', 'Cancelado', 1, 29),(41, '2018-11-25 14:42:00', 'Cancelado', 1, 30),(42, '2018-11-25 14:42:07', 'Cancelado', 1, 34),(43, '2018-11-25 14:42:09', 'Cancelado', 1, 35),(44, '2018-11-25 14:42:13', 'Cancelado', 1, 37),(45, '2018-11-25 14:42:16', 'Cancelado', 1, 39),(46, '2018-11-25 14:42:20', 'Cancelado', 1, 8),(47, '2018-11-25 14:46:24', 'Atribuindo', 1, 79),(48, '2018-11-25 14:46:43', 'resolvendo', 1, 79),(49, '2018-11-25 14:46:54', 'atribuindo', 1, 74),(50, '2018-11-25 14:47:13', 'resolvendo', 1, 74),(51, '2018-11-25 14:47:22', 'atribuindo ', 1, 75),(52, '2018-11-25 14:47:35', 'resolvendo', 1, 75),(53, '2018-11-25 14:47:51', 'atribuindo ', 1, 71),(54, '2018-11-25 14:47:57', 'cancelando', 1, 71),(55, '2018-11-25 14:49:10', 'Pendente Usuario', 1, 68),(56, '2018-11-25 14:49:24', 'atribuindo ', 1, 67),(57, '2018-11-25 14:49:43', 'atribuindo ', 1, 66),(58, '2018-11-25 14:49:49', 'pendente', 1, 66),(59, '2018-11-25 14:51:10', 'att', 1, 81);
COMMIT;
BEGIN;
LOCK TABLE "public"."tb_departamento" IN SHARE MODE;
DELETE FROM "public"."tb_departamento";
INSERT INTO "public"."tb_departamento" ("id","nomedepartamento") VALUES (1, 'Obras'),(2, 'Tecnologia da Informação'),(3, 'Administração'),(4, 'Energia Elétrica'),(5, 'Telefonia');
COMMIT;
BEGIN;
LOCK TABLE "public"."tb_endereco" IN SHARE MODE;
DELETE FROM "public"."tb_endereco";
INSERT INTO "public"."tb_endereco" ("id","rua","cidade","bairro","estado","cep","complemento","numero","fk_usuario") VALUES (2, 'Rua A', 'Mogi das Cruzes', 'Mogilar', 'SP', '08780000', '', '162', 4),(3, 'RUA K', 'Mogi das Cruzes', 'Bairro F', 'SP', '087001234', '', '123', 5),(1, 'Rua 1', 'Mogi ', 'Mogilar', 'SP', '08000123', '', '123', 1),(4, 'Rua 1', 'Mogi das Cruzes', 'Mogilar', 'SP', '08780720', '', '254', 6),(5, 'Carlos Barattino', 'Mogi das Cruzes', 'Mogilar', 'SP', '08780000', '', '0001', 7),(6, 'Carlos Barattino', 'Mogi das Cruzes', 'Mogilar', 'SP', '08780000', '', '0001', 8),(7, 'Carlos Barattino', 'Mogi das Cruzes', 'Mogilar', 'SP', '08780000', '', '0001', 9),(8, 'Carlos Barattino', 'Mogi das Cruzes', 'Mogilar', 'SP', '08780720', 'FATEC - MC', '0001', 10);
COMMIT;
BEGIN;
LOCK TABLE "public"."tb_estoque" IN SHARE MODE;
DELETE FROM "public"."tb_estoque";
INSERT INTO "public"."tb_estoque" ("id","item","quantidadeestoque","unidade","fk_departamento","codigoean") VALUES (6, 'Tonner Amarelo', 50, 'UN', 2, '123456787'),(7, 'Tonner Preto', 50, 'UN', 2, '123465786'),(14, 'RJ 45', 100, 'UN', 2, '123456784'),(15, 'Fio elétrico flexível 2mm', 200, 'MTS', 4, '123456783'),(16, 'Fio elétrico flexível 6mm', 200, 'MTS', 4, '123456782'),(17, 'Cabo CAT 4', 200, 'MTS', 2, '123456781'),(18, 'Cabo CAT 6', 200, 'MTS', 2, '123456780'),(12, 'Telefone com Fio', 8, 'UN', 5, '987654321'),(13, 'RJ 11', 99, 'UN', 5, '987654320'),(19, 'Cabo Telefone', 199, 'MTS', 5, '159789623'),(8, 'Areia', 49, 'KG', 1, '446585142'),(9, 'Pedra', 49, 'KG', 1, '254785279'),(2, 'Parafuso Fenda 2mm', 298, 'UN', 4, '165748978'),(3, 'Lampada 100w', 15, 'UN', 4, '484258069'),(21, 'Monitor 23 pol', 0, 'UN', 2, '804654600'),(20, 'Monitor 21 pol', 2, 'UN', 2, '184897989'),(22, 'Monitor 17 pol', 0, 'UN', 2, '650416501'),(1, 'Cimento', 200, 'KG', 1, '245678225'),(5, 'Tonner Ciano', 47, 'UN', 2, '123456788'),(4, 'Tonner Magenta', 49, 'UN', 2, '123456789'),(11, 'Telefone sem fio', 8, 'UN', 5, '987654322'),(10, 'Lamina de Corte', 16, 'UN', 1, '123456785');
COMMIT;
BEGIN;
LOCK TABLE "public"."tb_feedback" IN SHARE MODE;
DELETE FROM "public"."tb_feedback";
INSERT INTO "public"."tb_feedback" ("id","notaatendimento","notaatendente","comentarios","fk_ticket","status","datacadastro") VALUES (1, '10', '10', 'Foi bom', 1, 'Concluído', '2018-11-25 13:31:26'),(2, '10', '10', 'Troca ok. ', 65, 'Concluído', '2018-11-25 13:52:07'),(3, '0', '0', NULL, 83, 'Novo', '2018-11-25 14:36:03'),(4, '0', '0', NULL, 84, 'Novo', '2018-11-25 14:38:24'),(5, '0', '0', NULL, 85, 'Novo', '2018-11-25 14:40:07'),(6, '0', '0', NULL, 79, 'Novo', '2018-11-25 14:46:43'),(7, '0', '0', NULL, 74, 'Novo', '2018-11-25 14:47:13'),(8, '0', '0', NULL, 75, 'Novo', '2018-11-25 14:47:35');
COMMIT;
BEGIN;
LOCK TABLE "public"."tb_funcao" IN SHARE MODE;
DELETE FROM "public"."tb_funcao";
INSERT INTO "public"."tb_funcao" ("id","nomefuncao","gerenciarusuario","atendimentotecnico","criarcategoria","criarrelatorio","visualizarrelatorio") VALUES (1, 'Administrador', 't', 't', 't', 't', 't'),(2, 'Tecnico', 'f', 't', 'f', 't', 't'),(3, 'Usuário', 'f', 'f', 'f', 'f', 'f');
COMMIT;
BEGIN;
LOCK TABLE "public"."tb_grupoatendimento" IN SHARE MODE;
DELETE FROM "public"."tb_grupoatendimento";
INSERT INTO "public"."tb_grupoatendimento" ("id","nomegrupo","fk_departamento") VALUES (1, 'Impressoras', 2),(2, 'Redes', 2),(3, 'Servidores', 2),(4, 'Field', 2),(5, 'Eletricistas', 4),(6, 'Construção', 1),(7, 'Jardinagem', 1),(8, 'Limpeza', 3),(9, 'Manutenção Predial ', 3),(10, 'Técnico Telefonia', 5),(11, 'Administração Geral', 3),(12, 'TI - Informática', 2),(13, 'ADM - Administração', 3),(14, 'OBS - Obras', 1),(15, 'ENR  - Energia Elétrica', 4),(16, 'TEL - Telefonia', 5);
COMMIT;
BEGIN;
LOCK TABLE "public"."tb_historicoticket" IN SHARE MODE;
DELETE FROM "public"."tb_historicoticket";
INSERT INTO "public"."tb_historicoticket" ("id","dataatualizacao","status","statusanterior","filadeatendimento","tecnicoresponsavel","prioridade","descricao","fk_ticket","fk_comentarioticket") VALUES (1, '2018-11-25 13:30:56', 'Novo', 'Novo', 'Tecnologia da Informação', '', '4', 'Novo chamado', 1, NULL),(2, '2018-11-25 13:31:12', 'Em resolução', 'Novo', 'Administração Geral', 'Usuário Administrador', 'Baixa', NULL, 1, 1),(3, '2018-11-25 13:31:26', 'Resolvido', 'Em resolução', 'Administração Geral', 'Usuário Administrador', 'Baixa', NULL, 1, 2),(4, '2018-11-25 13:32:32', 'Novo', 'Novo', 'Energia Elétrica', '', '1', 'Chamado critico para violar', 2, NULL),(5, '2018-11-25 13:32:43', 'Novo', 'Novo', 'Tecnologia da Informação', '', '3', 'troca de toner preto e branco', 3, NULL),(6, '2018-11-25 13:32:57', 'Novo', 'Novo', 'Obras', '', '4', 'podar uma arvorezinha de leve...', 4, NULL),(7, '2018-11-25 13:33:07', 'Novo', 'Novo', 'Energia Elétrica', '', '1', 'toda hora desliga.', 5, NULL),(8, '2018-11-25 13:33:22', 'Novo', 'Novo', 'Telefonia', '', '5', 'novo ramal em 120 horas... ', 6, NULL),(9, '2018-11-25 13:33:32', 'Novo', 'Novo', 'Telefonia', '', '3', 'telefone novo... ', 7, NULL),(10, '2018-09-25 13:34:17', 'Novo', 'Novo', 'Tecnologia da Informação', '', '4', 'teste de data... ', 8, NULL),(11, '2018-09-25 13:35:38', 'Novo', 'Novo', 'Energia Elétrica', '', '1', 'Populando para setembro', 9, NULL),(12, '2018-09-25 13:35:40', 'Novo', 'Novo', 'Energia Elétrica', '', '1', 'Populando para setembro', 10, NULL),(13, '2018-09-25 13:35:42', 'Novo', 'Novo', 'Energia Elétrica', '', '2', 'Populando para setembro', 11, NULL),(14, '2018-09-25 13:35:44', 'Novo', 'Novo', 'Energia Elétrica', '', '2', 'Populando para setembro', 12, NULL),(15, '2018-09-25 13:35:46', 'Novo', 'Novo', 'Energia Elétrica', '', '5', 'Populando para setembro', 13, NULL),(16, '2018-09-25 13:35:48', 'Novo', 'Novo', 'Obras', '', '2', 'Populando para setembro', 14, NULL),(17, '2018-09-25 13:35:50', 'Novo', 'Novo', 'Obras', '', '2', 'Populando para setembro', 15, NULL),(18, '2018-09-25 13:35:52', 'Novo', 'Novo', 'Obras', '', '2', 'Populando para setembro', 16, NULL),(19, '2018-09-25 13:35:55', 'Novo', 'Novo', 'Obras', '', '4', 'Populando para setembro', 17, NULL),(20, '2018-09-25 13:35:58', 'Novo', 'Novo', 'Obras', '', '2', 'Populando para setembro', 18, NULL),(21, '2018-09-25 13:36:00', 'Novo', 'Novo', 'Obras', '', '4', 'Populando para setembro', 19, NULL),(22, '2018-09-25 13:36:01', 'Novo', 'Novo', 'Tecnologia da Informação', '', '4', 'Populando para setembro', 20, NULL),(23, '2018-09-25 13:36:04', 'Novo', 'Novo', 'Tecnologia da Informação', '', '2', 'Populando para setembro', 21, NULL),(24, '2018-09-25 13:36:06', 'Novo', 'Novo', 'Tecnologia da Informação', '', '3', 'Populando para setembro', 22, NULL),(25, '2018-09-25 13:36:08', 'Novo', 'Novo', 'Tecnologia da Informação', '', '3', 'Populando para setembro', 23, NULL),(26, '2018-09-25 13:36:10', 'Novo', 'Novo', 'Tecnologia da Informação', '', '3', 'Populando para setembro', 24, NULL),(27, '2018-09-25 13:36:12', 'Novo', 'Novo', 'Tecnologia da Informação', '', '3', 'Populando para setembro', 25, NULL),(28, '2018-09-25 13:36:14', 'Novo', 'Novo', 'Telefonia', '', '3', 'Populando para setembro', 26, NULL),(29, '2018-09-25 13:36:18', 'Novo', 'Novo', 'Telefonia', '', '5', 'Populando para setembro', 27, NULL),(30, '2018-09-25 13:36:20', 'Novo', 'Novo', 'Telefonia', '', '3', 'Populando para setembro', 28, NULL),(31, '2018-08-23 13:37:50', 'Novo', 'Novo', 'Energia Elétrica', '', '1', 'Populando agosto', 29, NULL),(32, '2018-08-23 13:37:52', 'Novo', 'Novo', 'Energia Elétrica', '', '1', 'Populando agosto', 30, NULL),(33, '2018-08-23 13:37:54', 'Novo', 'Novo', 'Energia Elétrica', '', '2', 'Populando agosto', 31, NULL),(34, '2018-08-23 13:37:56', 'Novo', 'Novo', 'Energia Elétrica', '', '5', 'Populando agosto', 32, NULL),(35, '2018-08-23 13:37:58', 'Novo', 'Novo', 'Obras', '', '2', 'Populando agosto', 33, NULL),(36, '2018-08-23 13:38:15', 'Novo', 'Novo', 'Tecnologia da Informação', '', '3', 'Populando agosto', 34, NULL),(37, '2018-08-23 13:38:17', 'Novo', 'Novo', 'Tecnologia da Informação', '', '3', 'Populando agosto', 35, NULL),(38, '2018-08-23 13:38:19', 'Novo', 'Novo', 'Tecnologia da Informação', '', '3', 'Populando agosto', 36, NULL),(39, '2018-08-23 13:38:21', 'Novo', 'Novo', 'Tecnologia da Informação', '', '3', 'Populando agosto', 37, NULL),(40, '2018-08-23 13:38:23', 'Novo', 'Novo', 'Tecnologia da Informação', '', '3', 'Populando agosto', 38, NULL),(41, '2018-08-23 13:38:24', 'Novo', 'Novo', 'Tecnologia da Informação', '', '3', 'Populando agosto', 39, NULL),(42, '2018-08-23 13:38:27', 'Novo', 'Novo', 'Tecnologia da Informação', '', '3', 'Populando agosto', 40, NULL),(43, '2018-10-23 13:40:58', 'Novo', 'Novo', 'Tecnologia da Informação', '', '3', 'Populando outubro', 41, NULL),(44, '2018-10-23 13:41:00', 'Novo', 'Novo', 'Tecnologia da Informação', '', '3', 'Populando outubro', 42, NULL),(45, '2018-10-23 13:41:02', 'Novo', 'Novo', 'Tecnologia da Informação', '', '3', 'Populando outubro', 43, NULL),(46, '2018-10-23 13:41:04', 'Novo', 'Novo', 'Tecnologia da Informação', '', '3', 'Populando outubro', 44, NULL),(47, '2018-10-23 13:41:06', 'Novo', 'Novo', 'Tecnologia da Informação', '', '3', 'Populando outubro', 45, NULL),(48, '2018-10-23 13:41:08', 'Novo', 'Novo', 'Tecnologia da Informação', '', '3', 'Populando outubro', 46, NULL),(49, '2018-10-23 13:41:10', 'Novo', 'Novo', 'Tecnologia da Informação', '', '3', 'Populando outubro', 47, NULL),(50, '2018-10-23 13:41:12', 'Novo', 'Novo', 'Obras', '', '4', 'Populando outubro', 48, NULL),(51, '2018-10-23 13:41:14', 'Novo', 'Novo', 'Obras', '', '4', 'Populando outubro', 49, NULL),(52, '2018-10-23 13:41:16', 'Novo', 'Novo', 'Obras', '', '4', 'Populando outubro', 50, NULL),(53, '2018-10-23 13:41:18', 'Novo', 'Novo', 'Obras', '', '4', 'Populando outubro', 51, NULL),(54, '2018-10-23 13:41:19', 'Novo', 'Novo', 'Obras', '', '4', 'Populando outubro', 52, NULL),(55, '2018-10-23 13:41:21', 'Novo', 'Novo', 'Obras', '', '2', 'Populando outubro', 53, NULL),(56, '2018-10-23 13:41:23', 'Novo', 'Novo', 'Obras', '', '2', 'Populando outubro', 54, NULL),(57, '2018-10-23 13:41:24', 'Novo', 'Novo', 'Obras', '', '2', 'Populando outubro', 55, NULL),(58, '2018-10-23 13:41:26', 'Novo', 'Novo', 'Obras', '', '2', 'Populando outubro', 56, NULL),(59, '2018-10-23 13:41:28', 'Novo', 'Novo', 'Energia Elétrica', '', '2', 'Populando outubro', 57, NULL),(60, '2018-10-23 13:41:29', 'Novo', 'Novo', 'Energia Elétrica', '', '2', 'Populando outubro', 58, NULL),(61, '2018-10-23 13:41:31', 'Novo', 'Novo', 'Energia Elétrica', '', '2', 'Populando outubro', 59, NULL),(62, '2018-10-23 13:41:33', 'Novo', 'Novo', 'Energia Elétrica', '', '2', 'Populando outubro', 60, NULL),(63, '2018-10-23 13:41:35', 'Novo', 'Novo', 'Energia Elétrica', '', '2', 'Populando outubro', 61, NULL),(64, '2018-10-23 13:41:37', 'Novo', 'Novo', 'Energia Elétrica', '', '2', 'Populando outubro', 62, NULL),(65, '2018-10-23 13:41:38', 'Novo', 'Novo', 'Energia Elétrica', '', '1', 'Populando outubro', 63, NULL),(66, '2018-10-23 13:41:40', 'Novo', 'Novo', 'Energia Elétrica', '', '1', 'Populando outubro', 64, NULL),(67, '2018-11-25 13:48:49', 'Novo', 'Novo', 'Tecnologia da Informação', '', '3', 'Troca de toner azul', 65, NULL),(68, '2018-11-25 13:49:08', 'Novo', 'Novo', 'Tecnologia da Informação', '', '0', 'Troca de toner azul', 65, NULL),(69, '2018-11-25 13:51:07', 'Em resolução', 'Novo', 'Field', 'Técnico  TI', 'Média', NULL, 65, 4),(70, '2018-11-25 13:51:19', 'Pendente', 'Em resolução', 'Field', 'Técnico  TI', 'Média', NULL, 65, 5),(71, '2018-11-25 13:51:33', 'Atribuido', 'Pendente', 'Field', '', 'Média', NULL, 65, 6),(72, '2018-11-25 13:51:42', 'Em resolução', 'Atribuido', 'Field', 'Técnico  TI', 'Média', NULL, 65, 7),(73, '2018-11-25 13:52:07', 'Resolvido', 'Em resolução', 'Field', 'Técnico  TI', 'Média', NULL, 65, 8),(74, '2018-11-25 13:53:46', 'Novo', 'Novo', 'Energia Elétrica', '', '1', 'Populando novembro', 66, NULL),(75, '2018-11-25 13:53:49', 'Novo', 'Novo', 'Energia Elétrica', '', '1', 'Populando novembro', 67, NULL),(76, '2018-11-25 13:53:51', 'Novo', 'Novo', 'Energia Elétrica', '', '1', 'Populando novembro', 68, NULL),(77, '2018-11-25 13:53:53', 'Novo', 'Novo', 'Energia Elétrica', '', '1', 'Populando novembro', 69, NULL),(78, '2018-11-25 13:53:55', 'Novo', 'Novo', 'Energia Elétrica', '', '1', 'Populando novembro', 70, NULL),(79, '2018-11-25 13:53:57', 'Novo', 'Novo', 'Obras', '', '4', 'Populando novembro', 71, NULL),(80, '2018-11-25 13:53:58', 'Novo', 'Novo', 'Obras', '', '4', 'Populando novembro', 72, NULL),(81, '2018-11-25 13:54:00', 'Novo', 'Novo', 'Obras', '', '4', 'Populando novembro', 73, NULL),(82, '2018-11-25 13:54:02', 'Novo', 'Novo', 'Obras', '', '4', 'Populando novembro', 74, NULL),(83, '2018-11-25 13:54:03', 'Novo', 'Novo', 'Obras', '', '4', 'Populando novembro', 75, NULL),(84, '2018-11-25 13:54:05', 'Novo', 'Novo', 'Telefonia', '', '3', 'Populando novembro', 76, NULL),(85, '2018-11-25 13:54:07', 'Novo', 'Novo', 'Telefonia', '', '3', 'Populando novembro', 77, NULL),(86, '2018-11-25 13:54:09', 'Novo', 'Novo', 'Telefonia', '', '3', 'Populando novembro', 78, NULL),(87, '2018-11-25 13:54:10', 'Novo', 'Novo', 'Telefonia', '', '3', 'Populando novembro', 79, NULL),(88, '2018-11-25 13:54:12', 'Novo', 'Novo', 'Tecnologia da Informação', '', '3', 'Populando novembro', 80, NULL),(89, '2018-11-25 13:54:13', 'Novo', 'Novo', 'Tecnologia da Informação', '', '3', 'Populando novembro', 81, NULL),(90, '2018-11-25 13:54:15', 'Novo', 'Novo', 'Tecnologia da Informação', '', '3', 'Populando novembro', 82, NULL),(91, '2018-11-25 14:32:25', 'Novo', 'Novo', 'Tecnologia da Informação', '', '3', 'Troca de toner azul', 83, NULL),(92, '2018-11-25 14:33:42', 'Em resolução', 'Novo', 'Field', 'Técnico  TI', 'Média', NULL, 83, 9),(93, '2018-11-25 14:33:43', 'Pendente', 'Em resolução', 'Field', 'Técnico  TI', 'Média', NULL, 83, 10),(94, '2018-11-25 14:33:44', 'Atribuido', 'Pendente', 'Field', '', 'Média', NULL, 83, 11),(95, '2018-11-25 14:33:45', 'Em resolução', 'Atribuido', 'Field', 'Técnico  TI', 'Média', NULL, 83, 12),(96, '2018-11-25 14:34:15', 'Em resolução', 'Em resolução', 'Field', 'Técnico  TI', 'Média', NULL, 83, 13),(97, '2018-11-25 14:34:16', 'Pendente', 'Em resolução', 'Field', 'Técnico  TI', 'Média', NULL, 83, 14),(98, '2018-11-25 14:34:17', 'Atribuido', 'Pendente', 'Field', '', 'Média', NULL, 83, 15),(99, '2018-11-25 14:34:19', 'Em resolução', 'Atribuido', 'Field', 'Técnico  TI', 'Média', NULL, 83, 16),(100, '2018-11-25 14:35:02', 'Em resolução', 'Em resolução', 'Field', 'Técnico  TI', 'Média', NULL, 83, 17),(101, '2018-11-25 14:35:03', 'Pendente', 'Em resolução', 'Field', 'Técnico  TI', 'Média', NULL, 83, 18),(102, '2018-11-25 14:35:04', 'Atribuido', 'Pendente', 'Field', '', 'Média', NULL, 83, 19),(103, '2018-11-25 14:35:05', 'Em resolução', 'Atribuido', 'Field', 'Técnico  TI', 'Média', NULL, 83, 20),(104, '2018-11-25 14:36:03', 'Resolvido', 'Em resolução', 'Field', 'Técnico  TI', 'Média', NULL, 83, 21),(105, '2018-11-25 14:36:29', 'Novo', 'Novo', 'Tecnologia da Informação', '', '3', 'Troca de toner azul', 84, NULL),(106, '2018-11-25 14:37:00', 'Em resolução', 'Novo', 'Field', 'Técnico  TI', 'Média', NULL, 84, 22),(107, '2018-11-25 14:37:01', 'Pendente', 'Em resolução', 'Field', 'Técnico  TI', 'Média', NULL, 84, 23),(108, '2018-11-25 14:37:02', 'Atribuido', 'Pendente', 'Field', '', 'Média', NULL, 84, 24),(109, '2018-11-25 14:37:04', 'Em resolução', 'Atribuido', 'Field', 'Técnico  TI', 'Média', NULL, 84, 25),(110, '2018-11-25 14:37:36', 'Em resolução', 'Em resolução', 'Field', 'Técnico  TI', 'Média', NULL, 84, 26),(111, '2018-11-25 14:37:37', 'Pendente', 'Em resolução', 'Field', 'Técnico  TI', 'Média', NULL, 84, 27),(112, '2018-11-25 14:37:38', 'Atribuido', 'Pendente', 'Field', '', 'Média', NULL, 84, 28),(113, '2018-11-25 14:37:40', 'Em resolução', 'Atribuido', 'Field', 'Técnico  TI', 'Média', NULL, 84, 29),(114, '2018-11-25 14:38:24', 'Resolvido', 'Em resolução', 'Field', 'Técnico  TI', 'Média', NULL, 84, 30),(115, '2018-11-25 14:38:50', 'Novo', 'Novo', 'Tecnologia da Informação', '', '3', 'Troca de toner azul', 85, NULL),(116, '2018-11-25 14:39:14', 'Em resolução', 'Novo', 'Field', 'Técnico  TI', 'Média', NULL, 85, 31),(117, '2018-11-25 14:39:16', 'Pendente', 'Em resolução', 'Field', 'Técnico  TI', 'Média', NULL, 85, 32),(118, '2018-11-25 14:39:17', 'Atribuido', 'Pendente', 'Field', '', 'Média', NULL, 85, 33),(119, '2018-11-25 14:39:18', 'Em resolução', 'Atribuido', 'Field', 'Técnico  TI', 'Média', NULL, 85, 34),(120, '2018-11-25 14:40:01', 'Em resolução', 'Em resolução', 'Field', 'Técnico  TI', 'Média', NULL, 85, 35),(121, '2018-11-25 14:40:02', 'Pendente', 'Em resolução', 'Field', 'Técnico  TI', 'Média', NULL, 85, 36),(122, '2018-11-25 14:40:03', 'Atribuido', 'Pendente', 'Field', '', 'Média', NULL, 85, 37),(123, '2018-11-25 14:40:05', 'Em resolução', 'Atribuido', 'Field', 'Técnico  TI', 'Média', NULL, 85, 38),(124, '2018-11-25 14:40:07', 'Resolvido', 'Em resolução', 'Field', 'Técnico  TI', 'Média', NULL, 85, 39),(125, '2018-11-25 14:41:53', 'Cancelado', 'Novo', 'Administração Geral', '', 'Critica', NULL, 29, 40),(126, '2018-11-25 14:42:00', 'Cancelado', 'Novo', 'Administração Geral', '', 'Critica', NULL, 30, 41),(127, '2018-11-25 14:42:07', 'Cancelado', 'Novo', 'Administração Geral', '', 'Média', NULL, 34, 42),(128, '2018-11-25 14:42:09', 'Cancelado', 'Novo', 'Administração Geral', '', 'Média', NULL, 35, 43),(129, '2018-11-25 14:42:13', 'Cancelado', 'Novo', 'Administração Geral', '', 'Média', NULL, 37, 44),(130, '2018-11-25 14:42:16', 'Cancelado', 'Novo', 'Administração Geral', '', 'Média', NULL, 39, 45),(131, '2018-11-25 14:42:20', 'Cancelado', 'Novo', 'Administração Geral', '', 'Baixa', NULL, 8, 46),(132, '2018-11-25 14:46:24', 'Em resolução', 'Novo', 'Administração Geral', 'Usuário Administrador', 'Média', NULL, 79, 47),(133, '2018-11-25 14:46:43', 'Resolvido', 'Em resolução', 'Administração Geral', 'Usuário Administrador', 'Média', NULL, 79, 48),(134, '2018-11-25 14:46:54', 'Em resolução', 'Novo', 'Administração Geral', 'Usuário Administrador', 'Média', NULL, 74, 49),(135, '2018-11-25 14:47:13', 'Resolvido', 'Em resolução', 'Administração Geral', 'Usuário Administrador', 'Média', NULL, 74, 50),(136, '2018-11-25 14:47:22', 'Em resolução', 'Novo', 'Administração Geral', 'Usuário Administrador', 'Baixa', NULL, 75, 51),(137, '2018-11-25 14:47:35', 'Resolvido', 'Em resolução', 'Administração Geral', 'Usuário Administrador', 'Baixa', NULL, 75, 52),(138, '2018-11-25 14:47:51', 'Em resolução', 'Novo', 'Administração Geral', 'Usuário Administrador', 'Baixa', NULL, 71, 53),(139, '2018-11-25 14:47:57', 'Cancelado', 'Em resolução', 'Administração Geral', 'Usuário Administrador', 'Baixa', NULL, 71, 54),(140, '2018-11-25 14:49:10', 'Pendente', 'Novo', 'Administração Geral', '', 'Critica', NULL, 68, 55),(141, '2018-11-25 14:49:24', 'Em resolução', 'Novo', 'Administração Geral', 'Usuário Administrador', 'Critica', NULL, 67, 56),(142, '2018-11-25 14:49:43', 'Em resolução', 'Novo', 'Administração Geral', 'Usuário Administrador', 'Critica', NULL, 66, 57),(143, '2018-11-25 14:49:49', 'Pendente', 'Em resolução', 'Administração Geral', 'Usuário Administrador', 'Critica', NULL, 66, 58),(144, '2018-11-25 14:51:10', 'Em resolução', 'Novo', 'Administração Geral', 'Usuário Administrador', 'Média', NULL, 81, 59);
COMMIT;
BEGIN;
LOCK TABLE "public"."tb_itemservico" IN SHARE MODE;
DELETE FROM "public"."tb_itemservico";
INSERT INTO "public"."tb_itemservico" ("id","itemservico","vinculoestoque","fk_departamento") VALUES (1, 'Fazer parede', NULL, 1),(2, 'Fazer massa ', NULL, 1),(3, 'Concretar pilar', NULL, 1),(4, 'Concretar viga', NULL, 1),(5, 'Cimentar Chão', NULL, 1),(6, 'Fazer Concreto', NULL, 1),(7, 'Preparar Argamassa', NULL, 1),(8, 'Rebocar', NULL, 1),(9, 'Chapiscar', NULL, 1),(10, 'Trocar Monitor', NULL, 2),(11, 'Trocar Mouse', NULL, 2),(12, 'Trocar Teclado', NULL, 2),(13, 'Trocar Tonner', NULL, 2),(14, 'Limpar Gabinete', NULL, 2),(15, 'Consertar Impressora', NULL, 2),(18, 'Limpar o Chão', NULL, 3),(19, 'Trocar Disjuntor', NULL, 4),(20, 'Trocar Lampada', NULL, 4),(21, 'Trocar Fio elétrico', NULL, 4),(22, 'Instalar Tomada', NULL, 4),(23, 'Instalar Ponto de luz', NULL, 4),(24, 'Trocar Telefone', NULL, 5),(25, 'Trocar Tomada RJ 11', NULL, 5),(26, 'Trocar Headset', NULL, 5),(27, 'Cadastrar novo ramal', NULL, 5),(28, 'Instalar Ponto de telefone', NULL, 5),(29, 'Configurar WIFI', NULL, 2),(30, 'Configurar Rede', NULL, 2),(31, 'Formatar Computador', NULL, 2),(32, 'Trocar Placa de Rede', NULL, 2),(33, 'Crimpar cabo de rede', NULL, 2),(36, 'Podar Arvore', NULL, 1),(37, 'Aparar a grama', NULL, 1);
COMMIT;
BEGIN;
LOCK TABLE "public"."tb_prioridade" IN SHARE MODE;
DELETE FROM "public"."tb_prioridade";
INSERT INTO "public"."tb_prioridade" ("id","nivelprioridade","descricaoprioridade","tempodeatendimento") VALUES (1, 1, 'Critica', 8),(2, 2, 'Alta', 16),(3, 3, 'Média', 24),(4, 4, 'Baixa', 48),(5, 5, 'Panejado', 120);
COMMIT;
BEGIN;
LOCK TABLE "public"."tb_servicosutilizados" IN SHARE MODE;
DELETE FROM "public"."tb_servicosutilizados";
INSERT INTO "public"."tb_servicosutilizados" ("id","fk_ticket","fk_itemservico") VALUES (1, 1, 29),(2, 1, 30),(3, 65, 13),(4, 83, 13),(5, 84, 10),(6, 85, 10),(7, 79, 27),(8, 74, 27),(9, 75, 37);
COMMIT;
BEGIN;
LOCK TABLE "public"."tb_slaprioridade" IN SHARE MODE;
DELETE FROM "public"."tb_slaprioridade";
COMMIT;
BEGIN;
LOCK TABLE "public"."tb_slaticket" IN SHARE MODE;
DELETE FROM "public"."tb_slaticket";
INSERT INTO "public"."tb_slaticket" ("id","status","percentilatendimento","dataviolacao","dataprevista","fk_ticket","motivoviolacao") VALUES (1, 'Ok', NULL, '0001-01-01 00:00:00', '2018-11-27 13:30:56', 1, NULL),(2, 'Ok', NULL, '0001-01-01 00:00:00', '2018-11-25 21:32:32', 2, NULL),(3, 'Ok', NULL, '0001-01-01 00:00:00', '2018-11-26 13:32:43', 3, NULL),(4, 'Ok', NULL, '0001-01-01 00:00:00', '2018-11-27 13:32:57', 4, NULL),(5, 'Ok', NULL, '0001-01-01 00:00:00', '2018-11-25 21:33:07', 5, NULL),(6, 'Ok', NULL, '0001-01-01 00:00:00', '2018-11-30 13:33:22', 6, NULL),(7, 'Ok', NULL, '0001-01-01 00:00:00', '2018-11-26 13:33:32', 7, NULL),(8, 'VIOLADO', NULL, '2018-09-25 13:36:54', '2018-09-27 13:34:17', 8, 'Violado por não atendimento dentro do período'),(9, 'VIOLADO', NULL, '2018-09-25 13:36:54', '2018-09-25 21:35:38', 9, 'Violado por não atendimento dentro do período'),(10, 'VIOLADO', NULL, '2018-09-25 13:36:54', '2018-09-25 21:35:40', 10, 'Violado por não atendimento dentro do período'),(11, 'VIOLADO', NULL, '2018-09-25 13:36:54', '2018-09-26 05:35:42', 11, 'Violado por não atendimento dentro do período'),(12, 'VIOLADO', NULL, '2018-09-25 13:36:54', '2018-09-26 05:35:44', 12, 'Violado por não atendimento dentro do período'),(13, 'VIOLADO', NULL, '2018-09-25 13:36:54', '2018-09-30 13:35:46', 13, 'Violado por não atendimento dentro do período'),(14, 'VIOLADO', NULL, '2018-09-25 13:36:54', '2018-09-26 05:35:48', 14, 'Violado por não atendimento dentro do período'),(15, 'VIOLADO', NULL, '2018-09-25 13:36:54', '2018-09-26 05:35:50', 15, 'Violado por não atendimento dentro do período'),(16, 'VIOLADO', NULL, '2018-09-25 13:36:54', '2018-09-26 05:35:52', 16, 'Violado por não atendimento dentro do período'),(17, 'VIOLADO', NULL, '2018-09-25 13:36:54', '2018-09-27 13:35:55', 17, 'Violado por não atendimento dentro do período'),(18, 'VIOLADO', NULL, '2018-09-25 13:36:54', '2018-09-26 05:35:58', 18, 'Violado por não atendimento dentro do período'),(19, 'VIOLADO', NULL, '2018-09-25 13:36:54', '2018-09-27 13:36:00', 19, 'Violado por não atendimento dentro do período'),(20, 'VIOLADO', NULL, '2018-09-25 13:36:54', '2018-09-27 13:36:01', 20, 'Violado por não atendimento dentro do período'),(21, 'VIOLADO', NULL, '2018-09-25 13:36:54', '2018-09-26 05:36:04', 21, 'Violado por não atendimento dentro do período'),(22, 'VIOLADO', NULL, '2018-09-25 13:36:54', '2018-09-26 13:36:06', 22, 'Violado por não atendimento dentro do período'),(23, 'VIOLADO', NULL, '2018-09-25 13:36:54', '2018-09-26 13:36:08', 23, 'Violado por não atendimento dentro do período'),(24, 'VIOLADO', NULL, '2018-09-25 13:36:54', '2018-09-26 13:36:06', 24, 'Violado por não atendimento dentro do período'),(25, 'VIOLADO', NULL, '2018-09-25 13:36:54', '2018-09-26 13:36:12', 25, 'Violado por não atendimento dentro do período'),(26, 'VIOLADO', NULL, '2018-09-25 13:36:54', '2018-09-26 13:36:14', 26, 'Violado por não atendimento dentro do período'),(27, 'VIOLADO', NULL, '2018-09-25 13:36:54', '2018-09-30 13:36:18', 27, 'Violado por não atendimento dentro do período'),(28, 'VIOLADO', NULL, '2018-09-25 13:36:54', '2018-09-26 13:36:20', 28, 'Violado por não atendimento dentro do período'),(29, 'VIOLADO', NULL, '2018-10-23 13:40:11', '2018-08-23 21:37:50', 29, 'Violado por não atendimento dentro do período'),(30, 'VIOLADO', NULL, '2018-10-23 13:40:11', '2018-08-23 21:37:52', 30, 'Violado por não atendimento dentro do período'),(31, 'VIOLADO', NULL, '2018-10-23 13:40:11', '2018-08-24 05:37:54', 31, 'Violado por não atendimento dentro do período'),(32, 'VIOLADO', NULL, '2018-10-23 13:40:11', '2018-08-28 13:37:56', 32, 'Violado por não atendimento dentro do período'),(33, 'VIOLADO', NULL, '2018-10-23 13:40:11', '2018-08-24 05:37:58', 33, 'Violado por não atendimento dentro do período'),(34, 'VIOLADO', NULL, '2018-10-23 13:40:11', '2018-08-24 13:38:15', 34, 'Violado por não atendimento dentro do período'),(35, 'VIOLADO', NULL, '2018-10-23 13:40:11', '2018-08-24 13:38:17', 35, 'Violado por não atendimento dentro do período'),(36, 'VIOLADO', NULL, '2018-10-23 13:40:11', '2018-08-24 13:38:19', 36, 'Violado por não atendimento dentro do período'),(37, 'VIOLADO', NULL, '2018-10-23 13:40:11', '2018-08-24 13:38:21', 37, 'Violado por não atendimento dentro do período'),(38, 'VIOLADO', NULL, '2018-10-23 13:40:11', '2018-08-24 13:38:23', 38, 'Violado por não atendimento dentro do período'),(39, 'VIOLADO', NULL, '2018-10-23 13:40:11', '2018-08-24 13:38:24', 39, 'Violado por não atendimento dentro do período'),(40, 'VIOLADO', NULL, '2018-10-23 13:40:11', '2018-08-24 13:38:23', 40, 'Violado por não atendimento dentro do período'),(41, 'VIOLADO', NULL, '2018-10-23 13:41:10', '2018-10-24 13:40:58', 41, 'Violado por não atendimento dentro do período'),(42, 'VIOLADO', NULL, '2018-10-23 13:41:10', '2018-10-24 13:41:00', 42, 'Violado por não atendimento dentro do período'),(43, 'VIOLADO', NULL, '2018-10-23 13:41:10', '2018-10-24 13:41:02', 43, 'Violado por não atendimento dentro do período'),(44, 'VIOLADO', NULL, '2018-10-23 13:41:10', '2018-10-24 13:41:04', 44, 'Violado por não atendimento dentro do período'),(45, 'VIOLADO', NULL, '2018-10-23 13:41:10', '2018-10-24 13:41:06', 45, 'Violado por não atendimento dentro do período'),(46, 'VIOLADO', NULL, '2018-10-23 13:41:10', '2018-10-24 13:41:08', 46, 'Violado por não atendimento dentro do período'),(47, 'VIOLADO', NULL, '2018-10-23 13:41:10', '2018-10-24 13:41:10', 47, 'Violado por não atendimento dentro do período'),(48, 'VIOLADO', NULL, '2018-10-23 13:41:40', '2018-10-25 13:41:12', 48, 'Violado por não atendimento dentro do período'),(49, 'VIOLADO', NULL, '2018-10-23 13:41:40', '2018-10-25 13:41:14', 49, 'Violado por não atendimento dentro do período'),(50, 'VIOLADO', NULL, '2018-10-23 13:41:40', '2018-10-25 13:41:16', 50, 'Violado por não atendimento dentro do período'),(51, 'VIOLADO', NULL, '2018-10-23 13:41:40', '2018-10-25 13:41:18', 51, 'Violado por não atendimento dentro do período'),(52, 'VIOLADO', NULL, '2018-10-23 13:41:40', '2018-10-25 13:41:19', 52, 'Violado por não atendimento dentro do período'),(53, 'VIOLADO', NULL, '2018-10-23 13:41:40', '2018-10-24 05:41:21', 53, 'Violado por não atendimento dentro do período'),(54, 'VIOLADO', NULL, '2018-10-23 13:41:40', '2018-10-24 05:41:23', 54, 'Violado por não atendimento dentro do período'),(55, 'VIOLADO', NULL, '2018-10-23 13:41:40', '2018-10-24 05:41:24', 55, 'Violado por não atendimento dentro do período'),(56, 'VIOLADO', NULL, '2018-10-23 13:41:40', '2018-10-24 05:41:26', 56, 'Violado por não atendimento dentro do período'),(57, 'VIOLADO', NULL, '2018-10-23 13:41:40', '2018-10-24 05:41:28', 57, 'Violado por não atendimento dentro do período'),(58, 'VIOLADO', NULL, '2018-10-23 13:41:40', '2018-10-24 05:41:29', 58, 'Violado por não atendimento dentro do período'),(59, 'VIOLADO', NULL, '2018-10-23 13:41:40', '2018-10-24 05:41:31', 59, 'Violado por não atendimento dentro do período'),(60, 'VIOLADO', NULL, '2018-10-23 13:41:40', '2018-10-24 05:41:08', 60, 'Violado por não atendimento dentro do período'),(61, 'VIOLADO', NULL, '2018-10-23 13:41:40', '2018-10-24 05:41:35', 61, 'Violado por não atendimento dentro do período'),(62, 'VIOLADO', NULL, '2018-10-23 13:41:40', '2018-10-24 05:41:37', 62, 'Violado por não atendimento dentro do período'),(63, 'VIOLADO', NULL, '2018-10-23 13:41:40', '2018-10-23 21:41:38', 63, 'Violado por não atendimento dentro do período'),(64, 'VIOLADO', NULL, '2018-10-23 13:41:40', '2018-10-23 21:41:40', 64, 'Violado por não atendimento dentro do período'),(65, 'Ok', NULL, '0001-01-01 00:00:00', '2018-11-26 13:48:49', 65, NULL),(66, 'Ok', NULL, '0001-01-01 00:00:00', '2018-11-25 21:53:46', 66, NULL),(67, 'Ok', NULL, '0001-01-01 00:00:00', '2018-11-25 21:53:49', 67, NULL),(68, 'Ok', NULL, '0001-01-01 00:00:00', '2018-11-25 21:53:51', 68, NULL),(69, 'Ok', NULL, '0001-01-01 00:00:00', '2018-11-25 21:53:53', 69, NULL),(70, 'Ok', NULL, '0001-01-01 00:00:00', '2018-11-25 21:53:55', 70, NULL),(71, 'Ok', NULL, '0001-01-01 00:00:00', '2018-11-27 13:53:57', 71, NULL),(72, 'Ok', NULL, '0001-01-01 00:00:00', '2018-11-27 13:53:58', 72, NULL),(73, 'Ok', NULL, '0001-01-01 00:00:00', '2018-11-27 13:54:00', 73, NULL),(74, 'Ok', NULL, '0001-01-01 00:00:00', '2018-11-27 13:54:02', 74, NULL),(75, 'Ok', NULL, '0001-01-01 00:00:00', '2018-11-27 13:54:03', 75, NULL),(76, 'Ok', NULL, '0001-01-01 00:00:00', '2018-11-26 13:54:05', 76, NULL),(77, 'Ok', NULL, '0001-01-01 00:00:00', '2018-11-26 13:54:07', 77, NULL),(78, 'Ok', NULL, '0001-01-01 00:00:00', '2018-11-26 13:54:02', 78, NULL),(79, 'Ok', NULL, '0001-01-01 00:00:00', '2018-11-26 13:54:10', 79, NULL),(80, 'Ok', NULL, '0001-01-01 00:00:00', '2018-11-26 13:54:12', 80, NULL),(81, 'Ok', NULL, '0001-01-01 00:00:00', '2018-11-26 13:54:13', 81, NULL),(82, 'Ok', NULL, '0001-01-01 00:00:00', '2018-11-26 13:54:15', 82, NULL),(83, 'Ok', NULL, '0001-01-01 00:00:00', '2018-11-26 14:32:25', 83, NULL),(84, 'Ok', NULL, '0001-01-01 00:00:00', '2018-11-26 14:36:29', 84, NULL),(85, 'Ok', NULL, '0001-01-01 00:00:00', '2018-11-26 14:38:50', 85, NULL);
COMMIT;
BEGIN;
LOCK TABLE "public"."tb_ticket" IN SHARE MODE;
DELETE FROM "public"."tb_ticket";
INSERT INTO "public"."tb_ticket" ("id","datacadastro","codigoticket","tecnicoresponsavel","dataatualizacao","status","dataresolucao","dataencerramento","tempototalatendimento","fk_usuario","fk_tiposervico","descricao") VALUES (53, '2018-10-23 13:41:21', 'INC231018134143', '', '2018-10-23 13:41:21', 'Novo', '0001-01-01 00:00:00', '0001-01-01 00:00:00', '', 8, 13, 'Populando outubro'),(1, '2018-11-25 13:30:56', 'INC251118133015', 'Usuário Administrador', '2018-11-25 13:31:26', 'Resolvido', '2018-11-25 13:31:26', '0001-01-01 00:00:00', '', 1, 9, 'Novo chamado'),(2, '2018-11-25 13:32:32', 'INC251118133206', '', '2018-11-25 13:32:32', 'Novo', '0001-01-01 00:00:00', '0001-01-01 00:00:00', '', 8, 19, 'Chamado critico para violar'),(3, '2018-11-25 13:32:43', 'INC251118133268', '', '2018-11-25 13:32:43', 'Novo', '0001-01-01 00:00:00', '0001-01-01 00:00:00', '', 8, 4, 'troca de toner preto e branco'),(4, '2018-11-25 13:32:57', 'INC251118133260', '', '2018-11-25 13:32:57', 'Novo', '0001-01-01 00:00:00', '0001-01-01 00:00:00', '', 8, 14, 'podar uma arvorezinha de leve...'),(5, '2018-11-25 13:33:07', 'INC251118133391', '', '2018-11-25 13:33:07', 'Novo', '0001-01-01 00:00:00', '0001-01-01 00:00:00', '', 8, 17, 'toda hora desliga.'),(6, '2018-11-25 13:33:22', 'INC251118133368', '', '2018-11-25 13:33:22', 'Novo', '0001-01-01 00:00:00', '0001-01-01 00:00:00', '', 8, 1, 'novo ramal em 120 horas... '),(7, '2018-11-25 13:33:32', 'INC251118133333', '', '2018-11-25 13:33:32', 'Novo', '0001-01-01 00:00:00', '0001-01-01 00:00:00', '', 8, 2, 'telefone novo... '),(9, '2018-09-25 13:35:38', 'INC250918133567', '', '2018-09-25 13:35:38', 'Novo', '0001-01-01 00:00:00', '0001-01-01 00:00:00', '', 8, 17, 'Populando para setembro'),(10, '2018-09-25 13:35:40', 'INC250918133578', '', '2018-09-25 13:35:40', 'Novo', '0001-01-01 00:00:00', '0001-01-01 00:00:00', '', 8, 19, 'Populando para setembro'),(11, '2018-09-25 13:35:42', 'INC250918133549', '', '2018-09-25 13:35:42', 'Novo', '0001-01-01 00:00:00', '0001-01-01 00:00:00', '', 8, 16, 'Populando para setembro'),(12, '2018-09-25 13:35:44', 'INC250918133589', '', '2018-09-25 13:35:44', 'Novo', '0001-01-01 00:00:00', '0001-01-01 00:00:00', '', 8, 18, 'Populando para setembro'),(13, '2018-09-25 13:35:46', 'INC250918133588', '', '2018-09-25 13:35:46', 'Novo', '0001-01-01 00:00:00', '0001-01-01 00:00:00', '', 8, 20, 'Populando para setembro'),(14, '2018-09-25 13:35:48', 'INC250918133598', '', '2018-09-25 13:35:48', 'Novo', '0001-01-01 00:00:00', '0001-01-01 00:00:00', '', 8, 12, 'Populando para setembro'),(15, '2018-09-25 13:35:50', 'INC250918133559', '', '2018-09-25 13:35:50', 'Novo', '0001-01-01 00:00:00', '0001-01-01 00:00:00', '', 8, 13, 'Populando para setembro'),(16, '2018-09-25 13:35:52', 'INC250918133590', '', '2018-09-25 13:35:52', 'Novo', '0001-01-01 00:00:00', '0001-01-01 00:00:00', '', 8, 10, 'Populando para setembro'),(17, '2018-09-25 13:35:55', 'INC250918133525', '', '2018-09-25 13:35:55', 'Novo', '0001-01-01 00:00:00', '0001-01-01 00:00:00', '', 8, 15, 'Populando para setembro'),(18, '2018-09-25 13:35:58', 'INC250918133512', '', '2018-09-25 13:35:58', 'Novo', '0001-01-01 00:00:00', '0001-01-01 00:00:00', '', 8, 11, 'Populando para setembro'),(19, '2018-09-25 13:36:00', 'INC250918133600', '', '2018-09-25 13:36:00', 'Novo', '0001-01-01 00:00:00', '0001-01-01 00:00:00', '', 8, 14, 'Populando para setembro'),(20, '2018-09-25 13:36:01', 'INC250918133695', '', '2018-09-25 13:36:01', 'Novo', '0001-01-01 00:00:00', '0001-01-01 00:00:00', '', 8, 9, 'Populando para setembro'),(21, '2018-09-25 13:36:04', 'INC250918133614', '', '2018-09-25 13:36:04', 'Novo', '0001-01-01 00:00:00', '0001-01-01 00:00:00', '', 8, 6, 'Populando para setembro'),(22, '2018-09-25 13:36:06', 'INC250918133641', '', '2018-09-25 13:36:06', 'Novo', '0001-01-01 00:00:00', '0001-01-01 00:00:00', '', 8, 21, 'Populando para setembro'),(23, '2018-09-25 13:36:08', 'INC250918133635', '', '2018-09-25 13:36:08', 'Novo', '0001-01-01 00:00:00', '0001-01-01 00:00:00', '', 8, 5, 'Populando para setembro'),(24, '2018-09-25 13:36:10', 'INC250918133641', '', '2018-09-25 13:36:10', 'Novo', '0001-01-01 00:00:00', '0001-01-01 00:00:00', '', 8, 7, 'Populando para setembro'),(25, '2018-09-25 13:36:12', 'INC250918133636', '', '2018-09-25 13:36:12', 'Novo', '0001-01-01 00:00:00', '0001-01-01 00:00:00', '', 8, 8, 'Populando para setembro'),(26, '2018-09-25 13:36:14', 'INC250918133671', '', '2018-09-25 13:36:14', 'Novo', '0001-01-01 00:00:00', '0001-01-01 00:00:00', '', 8, 3, 'Populando para setembro'),(27, '2018-09-25 13:36:18', 'INC250918133621', '', '2018-09-25 13:36:18', 'Novo', '0001-01-01 00:00:00', '0001-01-01 00:00:00', '', 8, 1, 'Populando para setembro'),(28, '2018-09-25 13:36:20', 'INC250918133607', '', '2018-09-25 13:36:20', 'Novo', '0001-01-01 00:00:00', '0001-01-01 00:00:00', '', 8, 2, 'Populando para setembro'),(31, '2018-08-23 13:37:54', 'INC230818133725', '', '2018-08-23 13:37:54', 'Novo', '0001-01-01 00:00:00', '0001-01-01 00:00:00', '', 8, 16, 'Populando agosto'),(32, '2018-08-23 13:37:56', 'INC230818133785', '', '2018-08-23 13:37:56', 'Novo', '0001-01-01 00:00:00', '0001-01-01 00:00:00', '', 8, 20, 'Populando agosto'),(33, '2018-08-23 13:37:58', 'INC230818133786', '', '2018-08-23 13:37:58', 'Novo', '0001-01-01 00:00:00', '0001-01-01 00:00:00', '', 8, 12, 'Populando agosto'),(36, '2018-08-23 13:38:19', 'INC230818133852', '', '2018-08-23 13:38:19', 'Novo', '0001-01-01 00:00:00', '0001-01-01 00:00:00', '', 8, 5, 'Populando agosto'),(38, '2018-08-23 13:38:23', 'INC230818133823', '', '2018-08-23 13:38:23', 'Novo', '0001-01-01 00:00:00', '0001-01-01 00:00:00', '', 8, 7, 'Populando agosto'),(40, '2018-08-23 13:38:27', 'INC230818133823', '', '2018-08-23 13:38:27', 'Novo', '0001-01-01 00:00:00', '0001-01-01 00:00:00', '', 8, 8, 'Populando agosto'),(41, '2018-10-23 13:40:58', 'INC231018134094', '', '2018-10-23 13:40:58', 'Novo', '0001-01-01 00:00:00', '0001-01-01 00:00:00', '', 8, 4, 'Populando outubro'),(42, '2018-10-23 13:41:00', 'INC231018134185', '', '2018-10-23 13:41:00', 'Novo', '0001-01-01 00:00:00', '0001-01-01 00:00:00', '', 8, 4, 'Populando outubro'),(43, '2018-10-23 13:41:02', 'INC231018134140', '', '2018-10-23 13:41:02', 'Novo', '0001-01-01 00:00:00', '0001-01-01 00:00:00', '', 8, 4, 'Populando outubro'),(44, '2018-10-23 13:41:04', 'INC231018134127', '', '2018-10-23 13:41:04', 'Novo', '0001-01-01 00:00:00', '0001-01-01 00:00:00', '', 8, 4, 'Populando outubro'),(45, '2018-10-23 13:41:06', 'INC231018134134', '', '2018-10-23 13:41:06', 'Novo', '0001-01-01 00:00:00', '0001-01-01 00:00:00', '', 8, 4, 'Populando outubro'),(46, '2018-10-23 13:41:08', 'INC231018134154', '', '2018-10-23 13:41:08', 'Novo', '0001-01-01 00:00:00', '0001-01-01 00:00:00', '', 8, 4, 'Populando outubro'),(47, '2018-10-23 13:41:10', 'INC231018134107', '', '2018-10-23 13:41:10', 'Novo', '0001-01-01 00:00:00', '0001-01-01 00:00:00', '', 8, 4, 'Populando outubro'),(48, '2018-10-23 13:41:12', 'INC231018134172', '', '2018-10-23 13:41:12', 'Novo', '0001-01-01 00:00:00', '0001-01-01 00:00:00', '', 8, 14, 'Populando outubro'),(49, '2018-10-23 13:41:14', 'INC231018134191', '', '2018-10-23 13:41:14', 'Novo', '0001-01-01 00:00:00', '0001-01-01 00:00:00', '', 8, 14, 'Populando outubro'),(50, '2018-10-23 13:41:16', 'INC231018134157', '', '2018-10-23 13:41:16', 'Novo', '0001-01-01 00:00:00', '0001-01-01 00:00:00', '', 8, 14, 'Populando outubro'),(51, '2018-10-23 13:41:18', 'INC231018134139', '', '2018-10-23 13:41:18', 'Novo', '0001-01-01 00:00:00', '0001-01-01 00:00:00', '', 8, 14, 'Populando outubro'),(52, '2018-10-23 13:41:19', 'INC231018134188', '', '2018-10-23 13:41:19', 'Novo', '0001-01-01 00:00:00', '0001-01-01 00:00:00', '', 8, 14, 'Populando outubro'),(54, '2018-10-23 13:41:23', 'INC231018134138', '', '2018-10-23 13:41:23', 'Novo', '0001-01-01 00:00:00', '0001-01-01 00:00:00', '', 8, 13, 'Populando outubro'),(55, '2018-10-23 13:41:24', 'INC231018134190', '', '2018-10-23 13:41:24', 'Novo', '0001-01-01 00:00:00', '0001-01-01 00:00:00', '', 8, 13, 'Populando outubro'),(56, '2018-10-23 13:41:26', 'INC231018134161', '', '2018-10-23 13:41:26', 'Novo', '0001-01-01 00:00:00', '0001-01-01 00:00:00', '', 8, 13, 'Populando outubro'),(57, '2018-10-23 13:41:28', 'INC231018134130', '', '2018-10-23 13:41:28', 'Novo', '0001-01-01 00:00:00', '0001-01-01 00:00:00', '', 8, 16, 'Populando outubro'),(58, '2018-10-23 13:41:29', 'INC231018134193', '', '2018-10-23 13:41:29', 'Novo', '0001-01-01 00:00:00', '0001-01-01 00:00:00', '', 8, 16, 'Populando outubro'),(59, '2018-10-23 13:41:31', 'INC231018134182', '', '2018-10-23 13:41:31', 'Novo', '0001-01-01 00:00:00', '0001-01-01 00:00:00', '', 8, 16, 'Populando outubro'),(60, '2018-10-23 13:41:33', 'INC231018134154', '', '2018-10-23 13:41:33', 'Novo', '0001-01-01 00:00:00', '0001-01-01 00:00:00', '', 8, 16, 'Populando outubro'),(30, '2018-08-23 13:37:52', 'INC230818133744', '', '2018-11-25 14:42:00', 'Cancelado', '0001-01-01 00:00:00', '0001-01-01 00:00:00', '', 8, 19, 'Populando agosto'),(35, '2018-08-23 13:38:17', 'INC230818133862', '', '2018-11-25 14:42:09', 'Cancelado', '0001-01-01 00:00:00', '0001-01-01 00:00:00', '', 8, 5, 'Populando agosto'),(37, '2018-08-23 13:38:21', 'INC230818133848', '', '2018-11-25 14:42:13', 'Cancelado', '0001-01-01 00:00:00', '0001-01-01 00:00:00', '', 8, 5, 'Populando agosto'),(39, '2018-08-23 13:38:24', 'INC230818133891', '', '2018-11-25 14:42:16', 'Cancelado', '0001-01-01 00:00:00', '0001-01-01 00:00:00', '', 8, 7, 'Populando agosto'),(8, '2018-09-25 13:34:17', 'INC250918133410', '', '2018-11-25 14:42:20', 'Cancelado', '0001-01-01 00:00:00', '0001-01-01 00:00:00', '', 8, 9, 'teste de data... '),(61, '2018-10-23 13:41:35', 'INC231018134150', '', '2018-10-23 13:41:35', 'Novo', '0001-01-01 00:00:00', '0001-01-01 00:00:00', '', 8, 16, 'Populando outubro'),(62, '2018-10-23 13:41:37', 'INC231018134112', '', '2018-10-23 13:41:37', 'Novo', '0001-01-01 00:00:00', '0001-01-01 00:00:00', '', 8, 16, 'Populando outubro'),(63, '2018-10-23 13:41:38', 'INC231018134166', '', '2018-10-23 13:41:38', 'Novo', '0001-01-01 00:00:00', '0001-01-01 00:00:00', '', 8, 19, 'Populando outubro'),(64, '2018-10-23 13:41:40', 'INC231018134163', '', '2018-10-23 13:41:40', 'Novo', '0001-01-01 00:00:00', '0001-01-01 00:00:00', '', 8, 19, 'Populando outubro'),(65, '2018-11-25 13:48:49', 'INC251118134823', 'Técnico  TI', '2018-11-25 13:52:07', 'Resolvido', '2018-11-25 13:52:07', '0001-01-01 00:00:00', '', 8, 5, 'Troca de toner azul'),(69, '2018-11-25 13:53:53', 'INC251118135324', '', '2018-11-25 13:53:53', 'Novo', '0001-01-01 00:00:00', '0001-01-01 00:00:00', '', 8, 19, 'Populando novembro'),(70, '2018-11-25 13:53:55', 'INC251118135320', '', '2018-11-25 13:53:55', 'Novo', '0001-01-01 00:00:00', '0001-01-01 00:00:00', '', 8, 19, 'Populando novembro'),(72, '2018-11-25 13:53:58', 'INC251118135370', '', '2018-11-25 13:53:58', 'Novo', '0001-01-01 00:00:00', '0001-01-01 00:00:00', '', 8, 15, 'Populando novembro'),(73, '2018-11-25 13:54:00', 'INC251118135437', '', '2018-11-25 13:54:00', 'Novo', '0001-01-01 00:00:00', '0001-01-01 00:00:00', '', 8, 15, 'Populando novembro'),(76, '2018-11-25 13:54:05', 'INC251118135471', '', '2018-11-25 13:54:05', 'Novo', '0001-01-01 00:00:00', '0001-01-01 00:00:00', '', 8, 3, 'Populando novembro'),(77, '2018-11-25 13:54:07', 'INC251118135439', '', '2018-11-25 13:54:07', 'Novo', '0001-01-01 00:00:00', '0001-01-01 00:00:00', '', 8, 3, 'Populando novembro'),(80, '2018-11-25 13:54:12', 'INC251118135444', '', '2018-11-25 13:54:12', 'Novo', '0001-01-01 00:00:00', '0001-01-01 00:00:00', '', 8, 4, 'Populando novembro'),(82, '2018-11-25 13:54:15', 'INC251118135451', '', '2018-11-25 13:54:15', 'Novo', '0001-01-01 00:00:00', '0001-01-01 00:00:00', '', 8, 4, 'Populando novembro'),(85, '2018-11-25 14:38:50', 'INC251118143831', 'Técnico  TI', '2018-11-25 14:40:07', 'Resolvido', '2018-11-25 14:40:07', '0001-01-01 00:00:00', '', 8, 5, 'Troca de toner azul'),(29, '2018-08-23 13:37:50', 'INC230818133790', '', '2018-11-25 14:41:53', 'Cancelado', '0001-01-01 00:00:00', '0001-01-01 00:00:00', '', 8, 17, 'Populando agosto'),(34, '2018-08-23 13:38:15', 'INC230818133834', '', '2018-11-25 14:42:07', 'Cancelado', '0001-01-01 00:00:00', '0001-01-01 00:00:00', '', 8, 5, 'Populando agosto'),(79, '2018-11-25 13:54:10', 'INC251118135476', 'Usuário Administrador', '2018-11-25 14:46:43', 'Resolvido', '2018-11-25 14:46:43', '0001-01-01 00:00:00', '', 8, 3, 'Populando novembro'),(74, '2018-11-25 13:54:02', 'INC251118135401', 'Usuário Administrador', '2018-11-25 14:47:13', 'Resolvido', '2018-11-25 14:47:13', '0001-01-01 00:00:00', '', 8, 15, 'Populando novembro'),(78, '2018-11-25 13:54:09', 'INC251118135401', 'Usuário Administrador', '2018-11-25 14:47:13', 'Resolvido', '2018-11-25 14:47:13', '0001-01-01 00:00:00', '', 8, 3, 'Populando novembro'),(83, '2018-11-25 14:32:25', 'INC251118143233', 'Técnico  TI', '2018-11-25 14:36:03', 'Resolvido', '2018-11-25 14:36:03', '0001-01-01 00:00:00', '', 8, 5, 'Troca de toner azul'),(75, '2018-11-25 13:54:03', 'INC251118135466', 'Usuário Administrador', '2018-11-25 14:47:35', 'Resolvido', '2018-11-25 14:47:35', '0001-01-01 00:00:00', '', 8, 15, 'Populando novembro'),(71, '2018-11-25 13:53:57', 'INC251118135303', 'Usuário Administrador', '2018-11-25 14:47:57', 'Cancelado', '0001-01-01 00:00:00', '0001-01-01 00:00:00', '', 8, 15, 'Populando novembro'),(68, '2018-11-25 13:53:51', 'INC251118135346', '', '2018-11-25 14:49:10', 'Pendente', '0001-01-01 00:00:00', '0001-01-01 00:00:00', '', 8, 19, 'Populando novembro'),(67, '2018-11-25 13:53:49', 'INC251118135325', 'Usuário Administrador', '2018-11-25 14:49:24', 'Em resolução', '0001-01-01 00:00:00', '0001-01-01 00:00:00', '', 8, 19, 'Populando novembro'),(66, '2018-11-25 13:53:46', 'INC251118135344', 'Usuário Administrador', '2018-11-25 14:49:49', 'Pendente', '0001-01-01 00:00:00', '0001-01-01 00:00:00', '', 8, 19, 'Populando novembro'),(84, '2018-11-25 14:36:29', 'INC251118143605', 'Técnico  TI', '2018-11-25 14:38:24', 'Resolvido', '2018-11-25 14:38:24', '0001-01-01 00:00:00', '', 8, 5, 'Troca de toner azul'),(81, '2018-11-25 13:54:13', 'INC251118135499', 'Usuário Administrador', '2018-11-25 14:51:10', 'Em resolução', '0001-01-01 00:00:00', '0001-01-01 00:00:00', '', 8, 4, 'Populando novembro');
COMMIT;
BEGIN;
LOCK TABLE "public"."tb_tiposervico" IN SHARE MODE;
DELETE FROM "public"."tb_tiposervico";
INSERT INTO "public"."tb_tiposervico" ("id","nomeservico","status","datacadastro","fk_prioridade","fk_departamento") VALUES (16, 'Lâmpada queimada', 't', '2018-10-23 21:00:00', 2, 4),(17, 'Disjuntor desarmando', 't', '2018-10-23 21:00:00', 1, 4),(18, 'Tomada com problemas', 't', '2018-10-23 21:00:00', 2, 4),(20, 'Instalação de tomada', 't', '2018-10-23 21:00:00', 5, 4),(19, 'Queda de energia', 't', '2018-10-23 21:00:00', 1, 4),(21, 'Monitor com problemas', 't', '2018-10-23 21:00:00', 3, 2),(1, 'Instalação Ponto Telefone', 't', '2018-10-23 21:00:00', 5, 5),(2, 'Troca de Telefone Fixo', 't', '2018-10-23 21:00:00', 3, 5),(3, 'Configuração de Ramal', 't', '2018-10-23 21:00:00', 3, 5),(4, 'Troca de Tonner P&B', 't', '2018-10-23 21:00:00', 3, 2),(5, 'Troca de Tonner COLORIDO', 't', '2018-10-23 21:00:00', 3, 2),(7, 'Falha de acesso a internet', 't', '2018-10-23 21:00:00', 3, 2),(8, 'Falha de acesso a Rede', 't', '2018-10-23 21:00:00', 3, 2),(9, 'Configurar WIFI', 't', '2018-10-23 21:00:00', 4, 2),(10, 'Calçada quebrada', 't', '2018-10-23 21:00:00', 2, 1),(11, 'Muro quebrado', 't', '2018-10-23 21:00:00', 2, 1),(12, 'Torneira vazando', 't', '2018-10-23 21:00:00', 2, 1),(13, 'Bueiro entupido', 't', '2018-10-23 21:00:00', 2, 1),(14, 'Podar árvore', 't', '2018-10-23 21:00:00', 4, 1),(15, 'Aparar grama', 't', '2018-10-23 21:00:00', 4, 1),(6, 'Computador com problemas', 't', '2018-10-23 21:00:00', 2, 2);
COMMIT;
BEGIN;
LOCK TABLE "public"."tb_usuario" IN SHARE MODE;
DELETE FROM "public"."tb_usuario";
INSERT INTO "public"."tb_usuario" ("id","nome","sobrenome","datanascimento","datacadastro","genero","email","senha","ativo","fk_funcao","fk_grupoatendimento") VALUES (1, 'Usuário', 'Administrador', '2018-10-23', '2018-10-23 20:53:25', 'Masculino', 'admin@helpme.com', 'Mudar@123', 't', 1, 11),(5, 'Usuário', 'Comum - Obras', '1986-05-02', '2018-10-25 21:45:29', 'Masculino', 'usuarioobras@helpme.com', 'Mudar@321', 't', 3, 14),(6, 'Usuario', 'Técnico Obras', '1990-01-01', '2018-11-04 20:58:25', 'Feminino', 'usuarioobras1@hemlpme.com', 'Mudar@123', 't', 2, 6),(7, 'Técnico ', 'Telecom', '1950-10-10', '2018-11-12 16:44:10', 'Masculino', 'telecom@helpme.com', 'Mudar@123', 't', 2, 10),(8, 'Usuario Comum', 'ADM', '1988-05-30', '2018-11-13 13:10:40', 'Masculino', 'usuarioadm@helpme.com', 'Mudar@123', 't', 3, 13),(9, 'Técnico ', 'TI', '1990-02-27', '2018-11-13 14:20:54', 'Feminino', 'informatica@helpme.com', 'Mudar@123', 't', 2, 4),(4, 'Usuário', 'Comum - Informática', '1991-01-01', '2018-10-23 23:28:26', 'Feminino', 'usuarioti@helpme.com', 'Mudar@123', 't', 3, 12),(10, 'Populador', 'de Banco', '2018-11-24', '2018-11-24 11:41:35', 'Masculino', 'populadorbd@helpme.com', 'Mudar@123', 'f', 3, 13);
COMMIT;
ALTER TABLE "public"."tb_alteracaoestoque" ADD CONSTRAINT "tb_alteracaoestoque_pkey" PRIMARY KEY ("id");
ALTER TABLE "public"."tb_alteracaoestoque" ADD CONSTRAINT "fk_tb_alteracaoestoque_tb_usuario_1" FOREIGN KEY ("fk_usuario") REFERENCES "public"."tb_usuario" ("id") ON DELETE NO ACTION ON UPDATE NO ACTION;
ALTER TABLE "public"."tb_alteracaoestoque" ADD CONSTRAINT "fk_tb_baixaestoque_tb_estoque" FOREIGN KEY ("fk_estoque") REFERENCES "public"."tb_estoque" ("id") ON DELETE NO ACTION ON UPDATE NO ACTION;
ALTER TABLE "public"."tb_comentarioticket" ADD CONSTRAINT "tb_comentarioticket_pkey" PRIMARY KEY ("id");
ALTER TABLE "public"."tb_comentarioticket" ADD CONSTRAINT "fk_tb_comentarioticket_tb_ticket" FOREIGN KEY ("fk_ticket") REFERENCES "public"."tb_ticket" ("id") ON DELETE NO ACTION ON UPDATE NO ACTION;
ALTER TABLE "public"."tb_comentarioticket" ADD CONSTRAINT "fk_tb_comentarioticket_tb_usuario" FOREIGN KEY ("fk_usuario") REFERENCES "public"."tb_usuario" ("id") ON DELETE NO ACTION ON UPDATE NO ACTION;
ALTER TABLE "public"."tb_departamento" ADD CONSTRAINT "tb_departamento_pkey" PRIMARY KEY ("id");
ALTER TABLE "public"."tb_endereco" ADD CONSTRAINT "tb_endereco_pkey" PRIMARY KEY ("id");
ALTER TABLE "public"."tb_endereco" ADD CONSTRAINT "fk_tb_endereco_tb_usuario_1" FOREIGN KEY ("fk_usuario") REFERENCES "public"."tb_usuario" ("id") ON DELETE NO ACTION ON UPDATE NO ACTION;
ALTER TABLE "public"."tb_estoque" ADD CONSTRAINT "tb_estoque_pkey" PRIMARY KEY ("id");
ALTER TABLE "public"."tb_estoque" ADD CONSTRAINT "fk_tb_estoque_tb_departamento_1" FOREIGN KEY ("fk_departamento") REFERENCES "public"."tb_departamento" ("id") ON DELETE NO ACTION ON UPDATE NO ACTION;
ALTER TABLE "public"."tb_feedback" ADD CONSTRAINT "tb_feedback_pkey" PRIMARY KEY ("id");
ALTER TABLE "public"."tb_feedback" ADD CONSTRAINT "fk_tb_feedback_tb_ticket_1" FOREIGN KEY ("fk_ticket") REFERENCES "public"."tb_ticket" ("id") ON DELETE NO ACTION ON UPDATE NO ACTION;
ALTER TABLE "public"."tb_funcao" ADD CONSTRAINT "tb_funcao_pkey" PRIMARY KEY ("id");
ALTER TABLE "public"."tb_grupoatendimento" ADD CONSTRAINT "tb_grupoatendimento_pkey" PRIMARY KEY ("id");
ALTER TABLE "public"."tb_grupoatendimento" ADD CONSTRAINT "fk_tb_grupoatendimento_tb_departamento_1" FOREIGN KEY ("fk_departamento") REFERENCES "public"."tb_departamento" ("id") ON DELETE NO ACTION ON UPDATE NO ACTION;
ALTER TABLE "public"."tb_historicoticket" ADD CONSTRAINT "tb_historicoticket_pkey" PRIMARY KEY ("id");
ALTER TABLE "public"."tb_historicoticket" ADD CONSTRAINT "fk_tb_historicoticket_tb_comentarioticket_1" FOREIGN KEY ("fk_comentarioticket") REFERENCES "public"."tb_comentarioticket" ("id") ON DELETE NO ACTION ON UPDATE NO ACTION;
ALTER TABLE "public"."tb_historicoticket" ADD CONSTRAINT "fk_tb_historicoticket_tb_ticket_1" FOREIGN KEY ("fk_ticket") REFERENCES "public"."tb_ticket" ("id") ON DELETE NO ACTION ON UPDATE NO ACTION;
ALTER TABLE "public"."tb_itemservico" ADD CONSTRAINT "tb_itemservico_pkey" PRIMARY KEY ("id");
ALTER TABLE "public"."tb_itemservico" ADD CONSTRAINT "fk_tb_itemservico_tb_departamento_1" FOREIGN KEY ("fk_departamento") REFERENCES "public"."tb_departamento" ("id") ON DELETE NO ACTION ON UPDATE NO ACTION;
ALTER TABLE "public"."tb_prioridade" ADD CONSTRAINT "tb_prioridade_pkey" PRIMARY KEY ("id");
ALTER TABLE "public"."tb_servicosutilizados" ADD CONSTRAINT "tb_servicosutilizados_pkey" PRIMARY KEY ("id");
ALTER TABLE "public"."tb_servicosutilizados" ADD CONSTRAINT "fk_tb_servicosutilizados_tb_itemservico" FOREIGN KEY ("fk_itemservico") REFERENCES "public"."tb_itemservico" ("id") ON DELETE NO ACTION ON UPDATE NO ACTION;
ALTER TABLE "public"."tb_servicosutilizados" ADD CONSTRAINT "fk_tb_servicosutilizados_tb_ticket" FOREIGN KEY ("fk_ticket") REFERENCES "public"."tb_ticket" ("id") ON DELETE NO ACTION ON UPDATE NO ACTION;
ALTER TABLE "public"."tb_slaprioridade" ADD CONSTRAINT "tb_slaprioridade_pkey" PRIMARY KEY ("id");
ALTER TABLE "public"."tb_slaticket" ADD CONSTRAINT "tb_slaticket_pkey" PRIMARY KEY ("id");
ALTER TABLE "public"."tb_slaticket" ADD CONSTRAINT "fk_tb_slaticket_tb_ticket" FOREIGN KEY ("fk_ticket") REFERENCES "public"."tb_ticket" ("id") ON DELETE NO ACTION ON UPDATE NO ACTION;
ALTER TABLE "public"."tb_ticket" ADD CONSTRAINT "tb_ticket_pkey" PRIMARY KEY ("id");
ALTER TABLE "public"."tb_ticket" ADD CONSTRAINT "fk_tb_ticket_tb_tiposervico" FOREIGN KEY ("fk_tiposervico") REFERENCES "public"."tb_tiposervico" ("id") ON DELETE NO ACTION ON UPDATE NO ACTION;
ALTER TABLE "public"."tb_ticket" ADD CONSTRAINT "fk_tb_ticket_tb_usuario" FOREIGN KEY ("fk_usuario") REFERENCES "public"."tb_usuario" ("id") ON DELETE NO ACTION ON UPDATE NO ACTION;
ALTER TABLE "public"."tb_tiposervico" ADD CONSTRAINT "tb_tiposervico_pkey" PRIMARY KEY ("id");
ALTER TABLE "public"."tb_tiposervico" ADD CONSTRAINT "fk_tb_tiposervico_tb_departamento_1" FOREIGN KEY ("fk_departamento") REFERENCES "public"."tb_departamento" ("id") ON DELETE NO ACTION ON UPDATE NO ACTION;
ALTER TABLE "public"."tb_tiposervico" ADD CONSTRAINT "fk_tb_tiposervico_tb_prioridade" FOREIGN KEY ("fk_prioridade") REFERENCES "public"."tb_prioridade" ("id") ON DELETE NO ACTION ON UPDATE NO ACTION;
ALTER TABLE "public"."tb_usuario" ADD CONSTRAINT "tb_usuario_pkey" PRIMARY KEY ("id");
ALTER TABLE "public"."tb_usuario" ADD CONSTRAINT "fk_tb_usuario_tb_funcao" FOREIGN KEY ("fk_funcao") REFERENCES "public"."tb_funcao" ("id") ON DELETE NO ACTION ON UPDATE NO ACTION;
ALTER TABLE "public"."tb_usuario" ADD CONSTRAINT "fk_tb_usuario_tb_grupoatendimento" FOREIGN KEY ("fk_grupoatendimento") REFERENCES "public"."tb_grupoatendimento" ("id") ON DELETE NO ACTION ON UPDATE NO ACTION;
